Tool Name,Category,Primary Use,Link,Superpower,Limitations,Tutorial Link,Pricing
Framer AI,Web Design AI,AI-first website builder with Wireframer & Workshop - generates responsive layouts and interactive components from prompts,https://www.framer.com/ai/,"Minutes to live website: AI generates production-ready layouts with built-in analytics, A/B testing, and mobile-first design",Learning curve for advanced features; pricing scales with site complexity; best for design-first approach,https://www.youtube.com/watch?v=lnO6dgzBBts,Free plan available; Mini $5/mo; Basic $15/mo; Pro $25/mo
Webflow AI,Web Design AI,"AI-powered site builder with design system generation, smart responsiveness, and accessibility checking",https://webflow.com,"Design system automation: AI suggests colors, typography, buttons optimized for UI/UX standards with accessibility built-in",Can be expensive for advanced features; AI in beta; requires Webflow familiarity for deep customization,https://www.youtube.com/watch?v=vGI5vRWeoFQ,Free starter; Basic $14/mo; CMS $23/mo; Business $39/mo
Relume,Web Design AI,AI sitemap & wireframe generator with component library - exports to Webflow/Figma/React,https://www.relume.io/,Instant sitemap & wireframes: Exports to multiple platforms with AI copywriting and ready-to-use component library,"Not a hosted builder - requires export to Webflow/Figma; focuses on planning phase, not full implementation",https://www.youtube.com/watch?v=2H7UgosabMM,Free tier; Pro $32/mo; Agency $199/mo
Cursor AI,Code Generation,"Full IDE built on VS Code with AI integration - supports Claude 3.5, GPT-4o, GPT-5. Multi-file editing with Composer",https://cursor.com,"Superior codebase context: Understands entire project with Composer for multi-file edits, model flexibility (GPT-5, Claude 4.5)",Editor flexibility limited (Cursor only); $20/month price point; developing enterprise compliance,https://www.youtube.com/watch?v=61st-JJSvYA,$20/month; includes GPT-5 & Claude 4.5 models
v0.dev (Vercel),Code Generation,AI UI generator by Vercel - creates React components with Tailwind CSS and ShadCN from natural language prompts,https://v0.dev,"React + Tailwind mastery: Instant UI generation with real-time iteration, publishes to shareable URLs",Front-end only - no backend generation; requires Next.js knowledge for complex apps; iteration can be slow,https://www.youtube.com/watch?v=wNIx74HOIQY,Free tier with limited generations; Premium plans for unlimited
Replit Agent,Code Generation,"AI coding assistant in Replit cloud IDE - plans, writes, runs code, manages dependencies, deploys apps",https://replit.com/ai,"End-to-end automation: Installs dependencies, manages files, deploys apps - true agentic coding assistant",Cloud IDE dependency; limited to languages Replit supports; agentic features still evolving,https://www.youtube.com/watch?v=BYzRCxCEXiM,Free tier; Starter $10/mo; Pro $20/mo
ChatGPT-4o Canvas,Code Generation,"Code generation with visual interface - edit, comment, port to different languages, review code inline",https://openai.com,"Visual code editing: Edit inline, port languages, review code, explain specific lines - integrated canvas interface",Requires ChatGPT Plus subscription; canvas feature still in beta; limited to supported languages,https://www.youtube.com/watch?v=YLJYSYsZdyM,ChatGPT Plus $20/mo or Team $25/user/mo
Claude AI (Anthropic),Code Generation,"AI for code generation, debugging, refactoring - excels at explaining complex code and following detailed specs",https://claude.ai,"Code explanation expert: Best for understanding complex code, detailed specifications, natural language to code",Not as specialized for web dev as Cursor; requires iterative prompting for complex tasks,https://www.youtube.com/watch?v=ntDIxaeo3Wg,Free tier; Pro $20/mo; Team $25/user/mo
GitHub Copilot,Code Generation,"AI autocomplete & chat for coding - excellent GitHub integration, works across multiple editors",https://github.com/features/copilot,"GitHub ecosystem king: Seamless integration with GitHub workflows, PR assistance, works in multiple editors",Tied to Microsoft models; limited multi-file context vs Cursor; basic terminal integration,https://zenvanriel.nl/ai-engineer-blog/github-copilot-vs-cursor-2026/,Individual $10/mo; Business $19/user/mo
Bolt.new,Code Generation,"Browser-based AI development with WebContainers - scaffold full-stack apps from prompts, no local setup",https://bolt.new,"Zero setup required: Full-stack development in browser with WebContainers, offline work, instant deployment",JavaScript/Node.js focused; complex non-JS stacks unsupported; rapid prototyping strength but not production-scale,https://bolt.new/blog/2026-create-stunning-websites-bolt,Free tier; Paid plans for advanced features
Lovable.dev,Code Generation,"Chat-based AI platform for building web apps - direct Figma integration, natural language to functional apps",https://lovable.dev,"Figma to app instantly: Direct import of Figma designs to functional apps via chat, enterprise-ready",Relatively new platform; enterprise features still developing; best for internal tools & prototypes,https://lovable.dev/video/lovable-ai-app-builder-the-ai-coding-tool-that-will-take-my-job-and-what-i-plan-to-do-about-it,Free to start; Pro plans available
Midjourney,Assets & Visuals,"AI image generation for web design assets - abstract images, UI elements, backgrounds, stock photography",https://www.midjourney.com,"Premium web assets: Generates abstract backgrounds, UI elements, icons, vector illustrations for high-end designs",Requires prompt engineering skill; subscription cost; can't generate exact brand-specific assets,https://www.mlq.ai/midjourney-web-design-prompts/,Basic $10/mo; Standard $30/mo; Pro $60/mo
DALL-E 3,Assets & Visuals,"AI image generator by OpenAI - creates visuals from text prompts, integrated with ChatGPT",https://openai.com/dall-e-3,"Integrated creation: Built into ChatGPT, creates UI mockups, logos, blog images, social media graphics",Only via ChatGPT Plus/Team; sometimes adds unwanted text to images; needs iteration for perfect results,https://www.youtube.com/watch?v=0AKTh-YTV9Q,Included with ChatGPT Plus/Team
Copy.ai,Copy & Content,"AI copywriting with workflow automation - generates blog posts, ads, emails, social media content",https://www.copy.ai,"Workflow automation: API integration with no-code tools, creates blog outlines and social hooks automatically",Learning curve for automation features; requires API integration for advanced workflows,https://www.youtube.com/watch?v=GQ9SIJpCPko,Free plan; Starter $36/mo; Advanced $186/mo
Jasper AI,Copy & Content,"AI marketing copy generator - templates for landing pages, ads, blogs, brand voice customization",https://www.jasper.ai,"Marketing focus: Landing page creator, team collaboration, brand voice guides, full campaign copy",Higher price point; can produce generic copy without brand voice training; needs human editing,https://www.youtube.com/watch?v=M2xyfVIHmqQ,Creator $39/mo; Pro $59/mo; Business custom
Notion AI,Copy & Content,"AI writing assistant in Notion - generates blog posts, outlines, summaries, SEO headlines",https://www.notion.so/product/ai,"Native integration: Works directly in Notion workspace, SEO headlines, blog posts, content summarization",Limited to text content; can't generate images natively; requires Notion workspace,https://pradeepsingh.com/notion-ai/,AI add-on $8-10/member/month to Notion subscription
Locofy.ai,Design-to-Code,"Figma/XD to code converter using Large Design Models - exports React, Vue, HTML with component mapping",https://www.locofy.ai,"Large Design Models: Trained on millions of designs, automatically maps custom components, smart suggestions",Export code needs cleanup; works best with design systems; Figma plugin dependency,https://www.youtube.com/watch?v=BYzRCxCEXiM,Free beta; Pro plans TBA
TeleportHQ,Design-to-Code,"Design-to-code platform - converts Figma to HTML, CSS, React, Vue with responsive design",https://teleporthq.io,"Multi-framework export: HTML, React, Vue - drag-and-drop editor with custom code scripts",Generated code needs refinement; best for simple to medium complexity; requires design knowledge,https://teleporthq.io/design-to-code,Free tier; Pro $15/mo; Team $35/mo
Anima,Design-to-Code,Figma to React/HTML exporter - generates developer-friendly code with props and components,https://www.animaapp.com,"Component-level export: Copy React code for specific elements, works with design systems","Component-focused, not full-page exports ideal; React-centric; Dev Mode integration preferred",https://www.youtube.com/watch?v=U3cSRg9fPDo,Free for basic; Pro plans for advanced features
UX Pilot (Figma),Design Tools,AI wireframe & UI generator Figma plugin - text-to-UI with editable frames,https://uxpilot.ai,Rapid prototyping: Generates wireframes and high-fidelity screens from prompts or references,Figma plugin dependency; may need design refinement; Premium tier for unlimited generations,https://uxpilot.ai/blogs/best-figma-ai-plugins,Free tier; Premium $20/mo
Banani (Figma),Design Tools,"Design copilot for Figma - generates app UI from text, mixes components from other apps",https://banani.ai,Component mixing: Combines elements from existing apps to create unique interfaces in minutes,Premium features $20/month; requires understanding of UI patterns; outputs need designer review,https://uithings.com/best-figma-ai-plugins,Free tier; Premium $20/mo
FigPilot (Figma),Design Tools,ChatGPT & DALL-E integration for Figma - AI assistance directly in design workflow,https://figpilot.com,Dual AI power: Access both ChatGPT text and DALL-E images within Figma design workflow,Basic compared to specialized tools; limited to ChatGPT/DALL-E models within Figma,https://uithings.com/best-figma-ai-plugins,Free tier available
